{"perplexity": -8.755052643034388, "coherence": 0.34733395575318815}